{
 "locations": [ "Pinal County, AZ", "Benton County, AR", "Los Angeles County, CA", "Orange County, CA", "Sacramento County, CA", "San Diego County, CA", "Douglas County, CO", "New Haven County, CT", "Baker County, FL", "Baldwin County, GA", "Honolulu County, HI", "Cook County, IL", "Polk County, IA", "Jefferson County, KY", "Orleans Parish, LA", "Cumberland County, ME", "Montgomery County, MD", "Worcester County, MA", "Wayne County, MI", "Lincoln County, MN", "Pipestone County, MN", "Ramsey County, MN", "Yellow Medicine County, MN", "Hinds County, MS", "St. Louis city, MO", "Valencia County, NM", "Queens County, NY", "Duplin County, NC", "Durham County, NC", "Cuyahoga County, OH", "Montgomery County, PA", "Schuylkill County, PA", "Westmoreland County, PA", "Providence County, RI", "Brookings County, SD", "Davidson County, TN", "Bexar County, TX", "Harris County, TX", "Lamar County, TX", "Cache County, UT", "Salt Lake County, UT", "Grant County, WA", "Waukesha County, WI" ],
"fips": [   4021,   5007,   6037,   6059,   6067,   6073,   8035,   9009,  12003,  13009,  15003,  17031,  19153,  21111,  22071,  23005,  24031,  25027,  26163,  27081,  27117,  27123,  27173,  28049,  29510,  35061,  36081,  37061,  37063,  39035,  42091,  42107,  42129,  44007,  46011,  47037,  48029,  48201,  48277,  49005,  49035,  53025,  55133 ],
"Race/Ethnicity: Hispanic": [   0.34, 0.19863, 0.54237, 0.35714, 0.16667,   0.48, 0.042373, 0.32609, null, 0.04142, 0.19149, 0.19444, 0.18621, 0.3125, 0.02381, 0.047619, 0.089744, 0.21159, 0.028846, null, null, 0.038217, null, 0.043478, 0.11579, 0.7619, 0.24691, 0.37762, 0.22222,    0.1, 0.057471, 0.027624, 0.014388, 0.090909, 0.012422, 0.029412,   0.72, 0.68439, 0.066225, 0.064762, 0.052209, 0.51351, 0.026882 ],
"Race/Ethnicity: Non-Hispanic white": [   0.52, 0.68493, 0.15254, 0.3869, 0.45238,   0.36, 0.9322, 0.52174, 0.78659, 0.24852, 0.20213,    0.5, 0.66897, 0.3125, 0.78571, 0.87302, 0.71795, 0.5942, 0.24038, null, null, 0.82803, null, 0.10145, 0.41053, 0.20238, 0.2716, 0.27972, 0.44444,    0.5, 0.71839, 0.91713, 0.94964,  0.625, 0.73292, 0.71569,   0.18, 0.053156, 0.68874, 0.88952, 0.70281, 0.35135, 0.77419 ],
"Race/Ethnicity: Non-Hispanic black": [   0.08, 0.041096, 0.15254, 0.0059524, 0.071429,  0.048, null, 0.13043, 0.18293, 0.67456, 0.031915, 0.16667, 0.055172, 0.2375, 0.14286, 0.031746, 0.10256, 0.055072, 0.63462, null, null, 0.0063694, null, 0.81159,    0.4, null, 0.17284, 0.28671, 0.28148, 0.31429, 0.051724, 0.027624, 0.0071942, 0.11364, null, 0.15686,   0.02, 0.2093, 0.18543, null, null, null, null ],
"Race/Ethnicity: Non-Hispanic other": [   0.06, 0.075342, 0.13559, 0.20238, 0.30952,  0.112, 0.025424, null, 0.030488, 0.023669, 0.57447, 0.13889, 0.089655, 0.1375, 0.047619, 0.047619, 0.089744, 0.13913, 0.096154, null, null, 0.12739, null, 0.043478, 0.073684, 0.035714, 0.28395, 0.041958, 0.051852, 0.085714, 0.16092, 0.027624, 0.028777, 0.045455, 0.23913, 0.098039,   0.06, 0.053156, 0.05298, 0.04381, 0.23695, 0.081081, 0.19892 ],
"Race/Ethnicity: Unknown": [ null, null, 0.016949, 0.047619, null, null, null, 0.021739, null, 0.011834, null, null, null, null, null, null, null, null, null, null, null, null, null, null, null, null, 0.024691, 0.013986, null, null, 0.011494, null, null,  0.125, 0.015528, null,   0.02, null, 0.0066225, 0.0019048, 0.0080321, 0.054054, null ],
"Age: Under 25": [   0.16, 0.18493, 0.067797, 0.083333, 0.2619,  0.224, 0.0084746, 0.21739, 0.5061, 0.49704, 0.25532, 0.19444, 0.30345, 0.21875, 0.047619, 0.14286, 0.038462, 0.17391, 0.51923, null, null, 0.070064, null, 0.62319, 0.33684, 0.32143, 0.061728, 0.23077, 0.14074, 0.27143, 0.028736, 0.35912, 0.1223, 0.079545, 0.080745, 0.088235,   0.18, 0.28239, 0.49669, 0.25714, 0.048193, 0.32432, 0.010753 ],
"Age: 25-34": [   0.74, 0.60274, 0.47458, 0.47619, 0.47619,  0.688, 0.71186, 0.54348, 0.42683, 0.42604, 0.55319, 0.61111, 0.58621, 0.5875, 0.57143, 0.65079, 0.61538, 0.6029, 0.36538, null, null, 0.70701, null, 0.34783, 0.48421, 0.5119, 0.48148, 0.58741, 0.63704, 0.57143, 0.39655, 0.55249, 0.71223, 0.15909, 0.59938, 0.77451,   0.66, 0.54153, 0.40397, 0.67048, 0.4739, 0.59459, 0.40323 ],
"Age: 35 or older": [    0.1, 0.21233, 0.45763, 0.44048, 0.2619,  0.088, 0.27119, 0.23913, 0.067073, 0.076923, 0.19149, 0.19444, 0.11034, 0.19375, 0.38095, 0.20635, 0.34615, 0.21739, 0.11538, null, null, 0.22293, null, 0.028986, 0.17895, 0.16667, 0.44444, 0.18182, 0.22222, 0.15714, 0.57471, 0.088398, 0.16547, 0.15909, 0.31988, 0.13725,   0.16, 0.17608, 0.099338, 0.072381, 0.47791, 0.081081, 0.58602 ],
"Age: Unknown": [ null, null, null, null, null, null, 0.0084746, null, null, null, null, null, null, null, null, null, null, 0.0057971, null, null, null, null, null, null, null, null, 0.012346, null, null, null, null, null, null, 0.60227, null, null, null, null, null, null, null, null, null ],
"Education: Less than high school": [   0.04, 0.11644, 0.22034, 0.3631, 0.11905,  0.192, null, 0.13043, 0.18293, 0.25444, 0.095745, 0.027778, 0.096552, 0.26875, 0.02381, 0.02381, 0.012821, 0.10145, 0.61538, null, null, 0.012739, null, 0.27536, 0.18947, 0.27381, 0.28395, 0.48252, 0.16296,    0.1, 0.045977, 0.077348, 0.0071942,  0.125, 0.074534, 0.029412,   0.12, 0.33887, 0.15894, 0.026667, 0.1004, 0.37838, 0.037634 ],
"Education: High school/Some college": [   0.52, 0.31507, 0.38983, 0.2381, 0.33333,  0.416, 0.16949, 0.3913, 0.60366, 0.56805, 0.54255, 0.30556, 0.37241, 0.4625, 0.14286, 0.30952, 0.10256, 0.44348, 0.34615, null, null, 0.13376, null, 0.57971, 0.47368, 0.54762, 0.24691, 0.32168, 0.32593,    0.5, 0.14943, 0.57459, 0.20144, 0.31818, 0.29503, 0.18627,   0.58, 0.50498, 0.57616, 0.28381, 0.36145, 0.36036, 0.23118 ],
"Education: College or higher": [   0.44, 0.56849, 0.37288, 0.31548, 0.47619,  0.392, 0.81356, 0.45652, 0.21341, 0.15976, 0.3617, 0.66667, 0.53103, 0.26875, 0.83333, 0.66667, 0.85897, 0.45507, 0.038462, null, null, 0.8535, null, 0.14493, 0.32632, 0.17857, 0.32099, 0.097902, 0.51111,    0.4, 0.72989, 0.34807, 0.79137, 0.55682, 0.61491, 0.78431,   0.28, 0.1495, 0.25166, 0.68381, 0.48594, 0.21622, 0.66129 ],
"Education: Unknown": [ null, null, 0.016949, 0.083333, 0.071429, null, 0.016949, 0.021739, null, 0.017751, null, null, null, null, null, null, 0.025641, null, null, null, null, null, null, null, 0.010526, null, 0.14815, 0.097902, null, null, 0.074713, null, null, null, 0.015528, null,   0.02, 0.0066445, 0.013245, 0.0057143, 0.052209, 0.045045, 0.069892 ],
"Marital Status: Married": [   0.84, 0.78082, 0.52542, 0.59524,    0.5,  0.664, 0.9661, 0.43478, 0.43902, 0.21302, 0.64894, 0.72222, 0.66897, 0.3875, 0.7381, 0.76984, 0.85897, 0.57971, 0.29808, null, null, 0.89172, null, 0.13043, 0.41053, 0.61905, 0.74074, 0.33566, 0.57778, 0.48571, 0.82184, 0.44751, 0.86331,  0.625, 0.8354, 0.80392,   0.58, 0.31894, 0.5298, 0.94476, 0.86747, 0.53153, 0.88172 ],
"Marital Status: Not married": [   0.16, 0.21233, 0.45763, 0.29167, 0.42857,  0.336, 0.016949, 0.54348, 0.56098, 0.76923, 0.35106, 0.27778, 0.33103, 0.6125, 0.2619, 0.23016, 0.11538, 0.42029, 0.68269, null, null, 0.10828, null, 0.86957, 0.57895, 0.38095, 0.22222, 0.6014, 0.42222, 0.51429, 0.14943, 0.55249, 0.13669,  0.375, 0.15217, 0.19608,    0.4, 0.68106, 0.45695, 0.049524, 0.11647, 0.42342, 0.086022 ],
"Marital Status: Unknown": [ null, 0.0068493, 0.016949, 0.1131, 0.071429, null, 0.016949, 0.021739, null, 0.017751, null, null, null, null, null, null, 0.025641, null, 0.019231, null, null, null, null, null, 0.010526, null, 0.037037, 0.062937, null, null, 0.028736, null, null, null, 0.012422, null,   0.02, null, 0.013245, 0.0057143, 0.016064, 0.045045, 0.032258 ],